[
  {
    "value": "Woody Allen",
    "synonyms": [
      "Woody Allen",
      "Woody",
      "Allen"
    ]
  },
  {
    "value": "Mark Twain",
    "synonyms": [
      "Mark Twain",
      "Mark",
      "Twain"
    ]
  },
  {
    "value": "Albert Einstein",
    "synonyms": [
      "Albert Einstein",
      "Albert",
      "Einstein"
    ]
  },
  {
    "value": "J. B. White",
    "synonyms": [
      "J. B. White",
      "White"
    ]
  },
  {
    "value": "Confucius",
    "synonyms": [
      "Confucius"
    ]
  },
  {
    "value": "Steven Wright",
    "synonyms": [
      "Steven Wright",
      "Steven",
      "Wright"
    ]
  },
  {
    "value": "Dave Stutman",
    "synonyms": [
      "Dave Stutman",
      "Dave",
      "Stutman"
    ]
  },
  {
    "value": "T. S. Eliot",
    "synonyms": [
      "T. S. Eliot",
      "Eliot"
    ]
  },
  {
    "value": "Winston Churchill",
    "synonyms": [
      "Winston Churchill",
      "Winston",
      "Churchill"
    ]
  }
]