[
  {
    "id": "e4823aa7-d3c2-4136-abb3-84b698309d85",
    "data": [
      {
        "text": "who is the ",
        "userDefined": false
      },
      {
        "text": "first president",
        "alias": "president-number",
        "meta": "@president-number",
        "userDefined": false
      }
    ],
    "isTemplate": false,
    "count": 0
  },
  {
    "id": "f0678649-c536-403e-bacf-61ceb62c6395",
    "data": [
      {
        "text": "who is the ",
        "userDefined": false
      },
      {
        "text": "first president",
        "alias": "president-number",
        "meta": "@president-number",
        "userDefined": true
      },
      {
        "text": " of ",
        "userDefined": false
      },
      {
        "text": "USA",
        "alias": "geo-country",
        "meta": "@sys.geo-country",
        "userDefined": true
      }
    ],
    "isTemplate": false,
    "count": 0
  }
]