[
  {
    "id": "b5af42bc-80ba-4b2d-a182-0970034e5083",
    "data": [
      {
        "text": "who is the ",
        "userDefined": false
      },
      {
        "text": "first",
        "alias": "ordinal",
        "meta": "@sys.ordinal",
        "userDefined": false
      },
      {
        "text": " president of ",
        "userDefined": false
      },
      {
        "text": "USA",
        "alias": "geo-country",
        "meta": "@sys.geo-country",
        "userDefined": false
      },
      {
        "text": "?",
        "userDefined": false
      }
    ],
    "isTemplate": false,
    "count": 0
  }
]