[
  {
    "id": "fecc49d6-8f86-41b1-a875-13b71bfa78ec",
    "data": [
      {
        "text": "I am ",
        "userDefined": false
      },
      {
        "text": "henry",
        "alias": "username",
        "meta": "@sys.given-name",
        "userDefined": false
      }
    ],
    "isTemplate": false,
    "count": 0,
    "updated": 0
  },
  {
    "id": "24c8ac48-ec3e-4194-9451-53bb9a233714",
    "data": [
      {
        "text": "my name is @sys.given-name:username",
        "userDefined": false
      }
    ],
    "isTemplate": true,
    "count": 0
  },
  {
    "id": "c084cf31-27e0-487c-a7d0-5248def76b91",
    "data": [
      {
        "text": "@sys.given-name:username",
        "userDefined": false
      }
    ],
    "isTemplate": true,
    "count": 0
  }
]