[
  {
    "id": "cb2eb28c-5a06-4f13-99d3-79c28f606281",
    "data": [
      {
        "text": "I want to cook @DietTypes:DietTypes  @Foods:Foods",
        "userDefined": false
      }
    ],
    "isTemplate": true,
    "count": 0,
    "updated": 1529875409
  },
  {
    "id": "cb509474-f8e6-4fb7-9852-86777912568c",
    "data": [
      {
        "text": "I want to make @DietTypes:DietTypes  @Foods:Foods",
        "userDefined": false
      }
    ],
    "isTemplate": true,
    "count": 0,
    "updated": 1529875409
  }
]