[
  {
    "id": "396c394c-8cf1-4aeb-b173-0a1131d69b77",
    "data": [
      {
        "text": "how do i use this",
        "userDefined": false
      }
    ],
    "isTemplate": false,
    "count": 0,
    "updated": 1529875690
  },
  {
    "id": "3db21339-765d-43f7-a95d-48ae799f9ee8",
    "data": [
      {
        "text": "help me",
        "userDefined": false
      }
    ],
    "isTemplate": false,
    "count": 0,
    "updated": 1529875690
  },
  {
    "id": "a576fb6a-3f72-4abc-9262-9f89815f3d42",
    "data": [
      {
        "text": "I need help",
        "userDefined": false
      }
    ],
    "isTemplate": false,
    "count": 0,
    "updated": 1529875690
  }
]